"","stdPclass","stdSex","stdParch","stdSibSp","stdFare"
"1",0.826912816524371,0.737281045229683,-0.47340772456839,0.432550428041802,-0.502163136515605
"2",-1.56522783127827,-1.35481262132971,-0.47340772456839,0.432550428041802,0.786403617834538
"3",0.826912816524371,-1.35481262132971,-0.47340772456839,-0.474278822276423,-0.488579851581261
"4",-1.56522783127827,-1.35481262132971,-0.47340772456839,0.432550428041802,0.420494069765409
"5",0.826912816524371,0.737281045229683,-0.47340772456839,-0.474278822276423,-0.486064428445271
"6",0.826912816524371,0.737281045229683,-0.47340772456839,-0.474278822276423,-0.477848050313875
"7",-1.56522783127827,0.737281045229683,-0.47340772456839,-0.474278822276423,0.395591380719111
"8",0.826912816524371,0.737281045229683,0.767198988932891,2.24620892867825,-0.223957337675147
"9",0.826912816524371,-1.35481262132971,2.00780570243417,-0.474278822276423,-0.424017995203696
"10",-0.369157507376952,-1.35481262132971,-0.47340772456839,0.432550428041802,-0.0429313901012591
"11",0.826912816524371,-1.35481262132971,0.767198988932891,0.432550428041802,-0.311997147434786
"12",-1.56522783127827,-1.35481262132971,-0.47340772456839,-0.474278822276423,-0.113781804318799
"13",0.826912816524371,0.737281045229683,-0.47340772456839,-0.474278822276423,-0.486064428445271
"14",0.826912816524371,0.737281045229683,5.72962584293801,0.432550428041802,-0.0186988097783889
"15",0.826912816524371,-1.35481262132971,-0.47340772456839,-0.474278822276423,-0.490004587245486
"16",-0.369157507376952,-1.35481262132971,-0.47340772456839,-0.474278822276423,-0.326083516996328
"17",0.826912816524371,0.737281045229683,0.767198988932891,3.15303817899648,-0.0619640877174114
"18",-0.369157507376952,0.737281045229683,-0.47340772456839,-0.474278822276423,-0.38645367226008
"19",0.826912816524371,-1.35481262132971,-0.47340772456839,0.432550428041802,-0.285836746820493
"20",0.826912816524371,-1.35481262132971,-0.47340772456839,-0.474278822276423,-0.502666221142803
"21",-0.369157507376952,0.737281045229683,-0.47340772456839,-0.474278822276423,-0.124849666117153
"22",-0.369157507376952,0.737281045229683,-0.47340772456839,-0.474278822276423,-0.38645367226008
"23",0.826912816524371,-1.35481262132971,-0.47340772456839,-0.474278822276423,-0.4864829948551
"24",-1.56522783127827,0.737281045229683,-0.47340772456839,-0.474278822276423,0.0663224922180623
"25",0.826912816524371,-1.35481262132971,0.767198988932891,2.24620892867825,-0.223957337675147
"26",0.826912816524371,-1.35481262132971,5.72962584293801,0.432550428041802,-0.0164349289559982
"27",0.826912816524371,0.737281045229683,-0.47340772456839,-0.474278822276423,-0.502666221142803
"28",-1.56522783127827,0.737281045229683,2.00780570243417,2.24620892867825,4.64439259971928
"29",0.826912816524371,-1.35481262132971,-0.47340772456839,-0.474278822276423,-0.489501502618288
"30",0.826912816524371,0.737281045229683,-0.47340772456839,-0.474278822276423,-0.489167454425828
"31",-1.56522783127827,0.737281045229683,-0.47340772456839,-0.474278822276423,-0.090221345057865
"32",-1.56522783127827,-1.35481262132971,-0.47340772456839,0.432550428041802,2.30043680338673
"33",0.826912816524371,-1.35481262132971,-0.47340772456839,-0.474278822276423,-0.492101443971647
"34",-0.369157507376952,0.737281045229683,-0.47340772456839,-0.474278822276423,-0.436762134979874
"35",-1.56522783127827,0.737281045229683,-0.47340772456839,0.432550428041802,1.00549697297924
"36",-1.56522783127827,0.737281045229683,-0.47340772456839,0.432550428041802,0.3983583461687
"37",0.826912816524371,0.737281045229683,-0.47340772456839,-0.474278822276423,-0.502581702925434
"38",0.826912816524371,0.737281045229683,-0.47340772456839,-0.474278822276423,-0.486064428445271
"39",0.826912816524371,-1.35481262132971,-0.47340772456839,1.33937967836003,-0.285836746820493
"40",0.826912816524371,-1.35481262132971,-0.47340772456839,0.432550428041802,-0.421836620260165
"41",0.826912816524371,-1.35481262132971,-0.47340772456839,0.432550428041802,-0.457388604694989
"42",-0.369157507376952,-1.35481262132971,-0.47340772456839,0.432550428041802,-0.225466591556741
"43",0.826912816524371,0.737281045229683,-0.47340772456839,-0.474278822276423,-0.489167454425828
"44",-0.369157507376952,-1.35481262132971,2.00780570243417,0.432550428041802,0.18865657484453
"45",0.826912816524371,-1.35481262132971,-0.47340772456839,-0.474278822276423,-0.489501502618288
"46",0.826912816524371,0.737281045229683,-0.47340772456839,-0.474278822276423,-0.486064428445271
"47",0.826912816524371,0.737281045229683,-0.47340772456839,0.432550428041802,-0.336145209540286
"48",0.826912816524371,-1.35481262132971,-0.47340772456839,-0.474278822276423,-0.492101443971647
"49",0.826912816524371,0.737281045229683,-0.47340772456839,1.33937967836003,-0.211798788405027
"50",0.826912816524371,-1.35481262132971,-0.47340772456839,0.432550428041802,-0.289861423838076
"51",0.826912816524371,0.737281045229683,0.767198988932891,3.15303817899648,0.150589167273717
"52",0.826912816524371,0.737281045229683,-0.47340772456839,-0.474278822276423,-0.491095274717251
"53",-1.56522783127827,-1.35481262132971,-0.47340772456839,0.432550428041802,0.895993560684828
"54",-0.369157507376952,-1.35481262132971,-0.47340772456839,0.432550428041802,-0.124849666117153
"55",-1.56522783127827,0.737281045229683,0.767198988932891,-0.474278822276423,0.599173630638046
"56",-1.56522783127827,0.737281045229683,-0.47340772456839,-0.474278822276423,0.0663224922180623
"57",-0.369157507376952,-1.35481262132971,-0.47340772456839,-0.474278822276423,-0.436762134979874
"58",0.826912816524371,0.737281045229683,-0.47340772456839,-0.474278822276423,-0.502581702925434
"59",-0.369157507376952,-1.35481262132971,2.00780570243417,0.432550428041802,-0.0896337422132979
"60",0.826912816524371,0.737281045229683,2.00780570243417,4.05986742931471,0.295729082220321
"61",0.826912816524371,0.737281045229683,-0.47340772456839,-0.474278822276423,-0.502581702925434
"62",-1.56522783127827,-1.35481262132971,-0.47340772456839,-0.474278822276423,0.961813128630388
"63",-1.56522783127827,0.737281045229683,-0.47340772456839,0.432550428041802,1.0317418918109
"64",0.826912816524371,0.737281045229683,2.00780570243417,2.24620892867825,-0.0866152344501103
"65",-1.56522783127827,0.737281045229683,-0.47340772456839,-0.474278822276423,-0.090221345057865
"66",0.826912816524371,0.737281045229683,0.767198988932891,0.432550428041802,-0.341260574029635
"67",-0.369157507376952,-1.35481262132971,-0.47340772456839,-0.474278822276423,-0.436762134979874
"68",0.826912816524371,0.737281045229683,-0.47340772456839,-0.474278822276423,-0.48388506584025
"69",0.826912816524371,-1.35481262132971,2.00780570243417,3.15303817899648,-0.488579851581261
"70",0.826912816524371,0.737281045229683,-0.47340772456839,1.33937967836003,-0.473738855078922
"71",-0.369157507376952,0.737281045229683,-0.47340772456839,-0.474278822276423,-0.436762134979874
"72",0.826912816524371,-1.35481262132971,2.00780570243417,4.05986742931471,0.295729082220321
"73",-0.369157507376952,0.737281045229683,-0.47340772456839,-0.474278822276423,0.831011125558925
"74",0.826912816524371,0.737281045229683,-0.47340772456839,0.432550428041802,-0.35719024566523
"75",0.826912816524371,0.737281045229683,-0.47340772456839,-0.474278822276423,0.488829060846959
"76",0.826912816524371,0.737281045229683,-0.47340772456839,-0.474278822276423,-0.494113782480438
"77",0.826912816524371,0.737281045229683,-0.47340772456839,-0.474278822276423,-0.489167454425828
"78",0.826912816524371,0.737281045229683,-0.47340772456839,-0.474278822276423,-0.486064428445271
"79",-0.369157507376952,0.737281045229683,2.00780570243417,-0.474278822276423,-0.064479510853401
"80",0.826912816524371,-1.35481262132971,-0.47340772456839,-0.474278822276423,-0.397018449431237
"81",0.826912816524371,0.737281045229683,-0.47340772456839,-0.474278822276423,-0.46694721261175
"82",0.826912816524371,0.737281045229683,-0.47340772456839,-0.474278822276423,-0.456885520067791
"83",0.826912816524371,-1.35481262132971,-0.47340772456839,-0.474278822276423,-0.49134681703085
"84",-1.56522783127827,0.737281045229683,-0.47340772456839,-0.474278822276423,0.299753759237905
"85",-0.369157507376952,-1.35481262132971,-0.47340772456839,-0.474278822276423,-0.436762134979874
"86",0.826912816524371,-1.35481262132971,-0.47340772456839,2.24620892867825,-0.329102024759515
"87",0.826912816524371,0.737281045229683,3.24841241593545,0.432550428041802,0.0436836839941552
"88",0.826912816524371,0.737281045229683,-0.47340772456839,-0.474278822276423,-0.486064428445271
"89",-1.56522783127827,-1.35481262132971,2.00780570243417,2.24620892867825,4.64439259971928
"90",0.826912816524371,0.737281045229683,-0.47340772456839,-0.474278822276423,-0.486064428445271
"91",0.826912816524371,0.737281045229683,-0.47340772456839,-0.474278822276423,-0.486064428445271
"92",0.826912816524371,0.737281045229683,-0.47340772456839,-0.474278822276423,-0.490004587245486
"93",-1.56522783127827,0.737281045229683,-0.47340772456839,0.432550428041802,0.582990404350342
"94",0.826912816524371,0.737281045229683,2.00780570243417,0.432550428041802,-0.234019030219105
"95",0.826912816524371,0.737281045229683,-0.47340772456839,-0.474278822276423,-0.502163136515605
"96",0.826912816524371,0.737281045229683,-0.47340772456839,-0.474278822276423,-0.486064428445271
"97",-1.56522783127827,0.737281045229683,-0.47340772456839,-0.474278822276423,0.0493021331107018
"98",-1.56522783127827,0.737281045229683,0.767198988932891,-0.474278822276423,0.626925791012793
"99",-0.369157507376952,-1.35481262132971,0.767198988932891,-0.474278822276423,-0.185219821380906
"100",-0.369157507376952,0.737281045229683,-0.47340772456839,0.432550428041802,-0.124849666117153
"101",0.826912816524371,-1.35481262132971,-0.47340772456839,-0.474278822276423,-0.489167454425828
"102",0.826912816524371,0.737281045229683,-0.47340772456839,-0.474278822276423,-0.489167454425828
"103",-1.56522783127827,0.737281045229683,0.767198988932891,-0.474278822276423,0.907228446579412
"104",0.826912816524371,0.737281045229683,-0.47340772456839,-0.474278822276423,-0.473905879175152
"105",0.826912816524371,0.737281045229683,-0.47340772456839,1.33937967836003,-0.488579851581261
"106",0.826912816524371,0.737281045229683,-0.47340772456839,-0.474278822276423,-0.489167454425828
"107",0.826912816524371,-1.35481262132971,-0.47340772456839,-0.474278822276423,-0.494113782480438
"108",0.826912816524371,0.737281045229683,-0.47340772456839,-0.474278822276423,-0.491598359344449
"109",0.826912816524371,0.737281045229683,-0.47340772456839,-0.474278822276423,-0.489167454425828
"110",0.826912816524371,-1.35481262132971,-0.47340772456839,0.432550428041802,-0.162077928529801
"111",-1.56522783127827,0.737281045229683,-0.47340772456839,-0.474278822276423,0.3983583461687
"112",0.826912816524371,-1.35481262132971,-0.47340772456839,0.432550428041802,-0.35719024566523
"113",0.826912816524371,0.737281045229683,-0.47340772456839,-0.474278822276423,-0.486064428445271
"114",0.826912816524371,-1.35481262132971,-0.47340772456839,0.432550428041802,-0.450345419914218
"115",0.826912816524371,-1.35481262132971,-0.47340772456839,-0.474278822276423,-0.35710773978637
"116",0.826912816524371,0.737281045229683,-0.47340772456839,-0.474278822276423,-0.488579851581261
"117",0.826912816524371,0.737281045229683,-0.47340772456839,-0.474278822276423,-0.492101443971647
"118",-0.369157507376952,0.737281045229683,-0.47340772456839,0.432550428041802,-0.225466591556741
"119",-1.56522783127827,0.737281045229683,0.767198988932891,-0.474278822276423,4.33289869726639
"120",0.826912816524371,-1.35481262132971,2.00780570243417,3.15303817899648,-0.0186988097783889
"121",-0.369157507376952,0.737281045229683,-0.47340772456839,1.33937967836003,0.831011125558925
"122",0.826912816524371,0.737281045229683,-0.47340772456839,-0.474278822276423,-0.486064428445271
"123",-0.369157507376952,0.737281045229683,-0.47340772456839,0.432550428041802,-0.0429313901012591
"124",-0.369157507376952,-1.35481262132971,-0.47340772456839,-0.474278822276423,-0.38645367226008
"125",-1.56522783127827,0.737281045229683,0.767198988932891,-0.474278822276423,0.907228446579412
"126",0.826912816524371,0.737281045229683,-0.47340772456839,0.432550428041802,-0.421836620260165
"127",0.826912816524371,0.737281045229683,-0.47340772456839,-0.474278822276423,-0.492101443971647
"128",0.826912816524371,0.737281045229683,-0.47340772456839,-0.474278822276423,-0.504342499120627
"129",0.826912816524371,-1.35481262132971,0.767198988932891,0.432550428041802,-0.198132997591822
"130",0.826912816524371,0.737281045229683,-0.47340772456839,-0.474278822276423,-0.507697067414783
"131",0.826912816524371,0.737281045229683,-0.47340772456839,-0.474278822276423,-0.489167454425828
"132",0.826912816524371,0.737281045229683,-0.47340772456839,-0.474278822276423,-0.506187813533189
"133",0.826912816524371,-1.35481262132971,-0.47340772456839,0.432550428041802,-0.356268594628204
"134",-0.369157507376952,-1.35481262132971,-0.47340772456839,0.432550428041802,-0.124849666117153
"135",-0.369157507376952,0.737281045229683,-0.47340772456839,-0.474278822276423,-0.38645367226008
"136",-0.369157507376952,0.737281045229683,-0.47340772456839,-0.474278822276423,-0.345285251047219
"137",-1.56522783127827,-1.35481262132971,2.00780570243417,-0.474278822276423,-0.119148711121746
"138",-1.56522783127827,0.737281045229683,-0.47340772456839,0.432550428041802,0.420494069765409
"139",0.826912816524371,0.737281045229683,-0.47340772456839,-0.474278822276423,-0.462586475063198
"140",-1.56522783127827,0.737281045229683,-0.47340772456839,-0.474278822276423,0.945714420560054
"141",0.826912816524371,-1.35481262132971,2.00780570243417,-0.474278822276423,-0.341260574029635
"142",0.826912816524371,-1.35481262132971,-0.47340772456839,-0.474278822276423,-0.492101443971647
"143",0.826912816524371,-1.35481262132971,-0.47340772456839,0.432550428041802,-0.329102024759515
"144",0.826912816524371,0.737281045229683,-0.47340772456839,-0.474278822276423,-0.512224829059564
"145",-0.369157507376952,0.737281045229683,-0.47340772456839,-0.474278822276423,-0.416638749891956
"146",-0.369157507376952,0.737281045229683,0.767198988932891,0.432550428041802,0.0914767235779591
"147",0.826912816524371,0.737281045229683,-0.47340772456839,-0.474278822276423,-0.49117979293462
"148",0.826912816524371,-1.35481262132971,2.00780570243417,1.33937967836003,0.0436836839941552
"149",-0.369157507376952,0.737281045229683,2.00780570243417,-0.474278822276423,-0.124849666117153
"150",-0.369157507376952,0.737281045229683,-0.47340772456839,-0.474278822276423,-0.38645367226008
"151",-0.369157507376952,0.737281045229683,-0.47340772456839,-0.474278822276423,-0.396012280176841
"152",-1.56522783127827,-1.35481262132971,-0.47340772456839,0.432550428041802,0.692159768452294
"153",0.826912816524371,0.737281045229683,-0.47340772456839,-0.474278822276423,-0.486064428445271
"154",0.826912816524371,0.737281045229683,2.00780570243417,-0.474278822276423,-0.356268594628204
"155",0.826912816524371,0.737281045229683,-0.47340772456839,-0.474278822276423,-0.50090542494761
"156",-1.56522783127827,0.737281045229683,0.767198988932891,-0.474278822276423,0.587099599585295
"157",0.826912816524371,-1.35481262132971,-0.47340772456839,-0.474278822276423,-0.492437504502615
"158",0.826912816524371,0.737281045229683,-0.47340772456839,-0.474278822276423,-0.486064428445271
"159",0.826912816524371,0.737281045229683,-0.47340772456839,-0.474278822276423,-0.473738855078922
"160",0.826912816524371,0.737281045229683,2.00780570243417,6.78035518026938,0.751523754461651
"161",0.826912816524371,0.737281045229683,0.767198988932891,-0.474278822276423,-0.324071178487536
"162",-0.369157507376952,-1.35481262132971,-0.47340772456839,-0.474278822276423,-0.331114363268307
"163",0.826912816524371,0.737281045229683,-0.47340772456839,-0.474278822276423,-0.491598359344449
"164",0.826912816524371,0.737281045229683,-0.47340772456839,-0.474278822276423,-0.473738855078922
"165",0.826912816524371,0.737281045229683,0.767198988932891,3.15303817899648,0.150589167273717
"166",0.826912816524371,0.737281045229683,2.00780570243417,-0.474278822276423,-0.235025199473501
"167",-1.56522783127827,-1.35481262132971,0.767198988932891,-0.474278822276423,0.458728501432452
"168",0.826912816524371,-1.35481262132971,4.48901912943673,0.432550428041802,-0.0866152344501103
"169",-1.56522783127827,0.737281045229683,-0.47340772456839,-0.474278822276423,-0.126358919998747
"170",0.826912816524371,0.737281045229683,-0.47340772456839,-0.474278822276423,0.488829060846959
"171",-1.56522783127827,0.737281045229683,-0.47340772456839,-0.474278822276423,0.0260757220422274
"172",0.826912816524371,0.737281045229683,0.767198988932891,3.15303817899648,-0.0619640877174114
"173",0.826912816524371,-1.35481262132971,0.767198988932891,0.432550428041802,-0.424017995203696
"174",0.826912816524371,0.737281045229683,-0.47340772456839,-0.474278822276423,-0.488579851581261
"175",-1.56522783127827,0.737281045229683,-0.47340772456839,-0.474278822276423,-0.0303542744213107
"176",0.826912816524371,0.737281045229683,0.767198988932891,0.432550428041802,-0.490004587245486
"177",0.826912816524371,0.737281045229683,0.767198988932891,2.24620892867825,-0.13558146738454
"178",-1.56522783127827,-1.35481262132971,-0.47340772456839,-0.474278822276423,-0.0702649840661773
"179",-0.369157507376952,0.737281045229683,-0.47340772456839,-0.474278822276423,-0.38645367226008
"180",0.826912816524371,0.737281045229683,-0.47340772456839,-0.474278822276423,-0.648057678403007
"181",0.826912816524371,-1.35481262132971,2.00780570243417,6.78035518026938,0.751523754461651
"182",-0.369157507376952,0.737281045229683,-0.47340772456839,-0.474278822276423,-0.345200732829849
"183",0.826912816524371,0.737281045229683,2.00780570243417,3.15303817899648,-0.0164349289559982
"184",-0.369157507376952,0.737281045229683,0.767198988932891,1.33937967836003,0.136754340025773
"185",0.826912816524371,-1.35481262132971,2.00780570243417,-0.474278822276423,-0.204840121841625
"186",-1.56522783127827,0.737281045229683,-0.47340772456839,-0.474278822276423,0.358111575992865
"187",0.826912816524371,-1.35481262132971,-0.47340772456839,0.432550428041802,-0.336145209540286
"188",-1.56522783127827,0.737281045229683,-0.47340772456839,-0.474278822276423,-0.113781804318799
"189",0.826912816524371,0.737281045229683,0.767198988932891,0.432550428041802,-0.336145209540286
"190",0.826912816524371,0.737281045229683,-0.47340772456839,-0.474278822276423,-0.489167454425828
"191",-0.369157507376952,-1.35481262132971,-0.47340772456839,-0.474278822276423,-0.38645367226008
"192",-0.369157507376952,0.737281045229683,-0.47340772456839,-0.474278822276423,-0.38645367226008
"193",0.826912816524371,-1.35481262132971,-0.47340772456839,0.432550428041802,-0.490004587245486
"194",-0.369157507376952,0.737281045229683,0.767198988932891,0.432550428041802,-0.124849666117153
"195",-1.56522783127827,-1.35481262132971,-0.47340772456839,-0.474278822276423,-0.090221345057865
"196",-1.56522783127827,-1.35481262132971,-0.47340772456839,-0.474278822276423,2.30043680338673
"197",0.826912816524371,0.737281045229683,-0.47340772456839,-0.474278822276423,-0.492101443971647
"198",0.826912816524371,0.737281045229683,0.767198988932891,-0.474278822276423,-0.478936725447131
"199",0.826912816524371,-1.35481262132971,-0.47340772456839,-0.474278822276423,-0.492101443971647
"200",-0.369157507376952,-1.35481262132971,-0.47340772456839,-0.474278822276423,-0.38645367226008
"201",0.826912816524371,0.737281045229683,-0.47340772456839,-0.474278822276423,-0.456885520067791
"202",0.826912816524371,0.737281045229683,2.00780570243417,6.78035518026938,0.751523754461651
"203",0.826912816524371,0.737281045229683,-0.47340772456839,-0.474278822276423,-0.517340193548913
"204",0.826912816524371,0.737281045229683,-0.47340772456839,-0.474278822276423,-0.502666221142803
"205",0.826912816524371,0.737281045229683,-0.47340772456839,-0.474278822276423,-0.486064428445271
"206",0.826912816524371,-1.35481262132971,0.767198988932891,-0.474278822276423,-0.437516761920671
"207",0.826912816524371,0.737281045229683,-0.47340772456839,0.432550428041802,-0.329102024759515
"208",0.826912816524371,0.737281045229683,-0.47340772456839,-0.474278822276423,-0.269989581063758
"209",0.826912816524371,-1.35481262132971,-0.47340772456839,-0.474278822276423,-0.492101443971647
"210",-1.56522783127827,0.737281045229683,-0.47340772456839,-0.474278822276423,-0.0242327406775662
"211",0.826912816524371,0.737281045229683,-0.47340772456839,-0.474278822276423,-0.506187813533189
"212",-0.369157507376952,-1.35481262132971,-0.47340772456839,-0.474278822276423,-0.225466591556741
"213",0.826912816524371,0.737281045229683,-0.47340772456839,-0.474278822276423,-0.502163136515605
"214",-0.369157507376952,0.737281045229683,-0.47340772456839,-0.474278822276423,-0.38645367226008
"215",0.826912816524371,0.737281045229683,-0.47340772456839,0.432550428041802,-0.492101443971647
"216",-1.56522783127827,-1.35481262132971,-0.47340772456839,0.432550428041802,1.63141876743084
"217",0.826912816524371,-1.35481262132971,-0.47340772456839,-0.474278822276423,-0.488579851581261
"218",-0.369157507376952,0.737281045229683,-0.47340772456839,0.432550428041802,-0.104726281029236
"219",-1.56522783127827,-1.35481262132971,-0.47340772456839,-0.474278822276423,0.887189579708864
"220",-0.369157507376952,0.737281045229683,-0.47340772456839,-0.474278822276423,-0.436762134979874
"221",0.826912816524371,0.737281045229683,-0.47340772456839,-0.474278822276423,-0.486064428445271
"222",-0.369157507376952,0.737281045229683,-0.47340772456839,-0.474278822276423,-0.38645367226008
"223",0.826912816524371,0.737281045229683,-0.47340772456839,-0.474278822276423,-0.486064428445271
"224",0.826912816524371,0.737281045229683,-0.47340772456839,-0.474278822276423,-0.489167454425828
"225",-1.56522783127827,0.737281045229683,-0.47340772456839,0.432550428041802,1.16304697950956
"226",0.826912816524371,0.737281045229683,-0.47340772456839,-0.474278822276423,-0.459904027830979
"227",-0.369157507376952,0.737281045229683,-0.47340772456839,-0.474278822276423,-0.436762134979874
"228",0.826912816524371,0.737281045229683,-0.47340772456839,-0.474278822276423,-0.502163136515605
"229",-0.369157507376952,0.737281045229683,-0.47340772456839,-0.474278822276423,-0.38645367226008
"230",0.826912816524371,-1.35481262132971,0.767198988932891,2.24620892867825,-0.13558146738454
"231",-1.56522783127827,-1.35481262132971,-0.47340772456839,0.432550428041802,1.0317418918109
"232",0.826912816524371,0.737281045229683,-0.47340772456839,-0.474278822276423,-0.491598359344449
"233",-0.369157507376952,0.737281045229683,-0.47340772456839,-0.474278822276423,-0.376391979716121
"234",0.826912816524371,-1.35481262132971,2.00780570243417,3.15303817899648,-0.0164349289559982
"235",-0.369157507376952,0.737281045229683,-0.47340772456839,-0.474278822276423,-0.436762134979874
"236",0.826912816524371,-1.35481262132971,-0.47340772456839,-0.474278822276423,-0.49612612098923
"237",-0.369157507376952,0.737281045229683,-0.47340772456839,0.432550428041802,-0.124849666117153
"238",-0.369157507376952,-1.35481262132971,2.00780570243417,-0.474278822276423,-0.119818819845174
"239",-0.369157507376952,0.737281045229683,-0.47340772456839,-0.474278822276423,-0.436762134979874
"240",-0.369157507376952,0.737281045229683,-0.47340772456839,-0.474278822276423,-0.40104312644882
"241",0.826912816524371,-1.35481262132971,-0.47340772456839,0.432550428041802,-0.35719024566523
"242",0.826912816524371,-1.35481262132971,-0.47340772456839,0.432550428041802,-0.336145209540286
"243",-0.369157507376952,0.737281045229683,-0.47340772456839,-0.474278822276423,-0.436762134979874
"244",0.826912816524371,0.737281045229683,-0.47340772456839,-0.474278822276423,-0.504678559651595
"245",0.826912816524371,0.737281045229683,-0.47340772456839,-0.474278822276423,-0.502666221142803
"246",-1.56522783127827,0.737281045229683,-0.47340772456839,1.33937967836003,1.16304697950956
"247",0.826912816524371,-1.35481262132971,-0.47340772456839,-0.474278822276423,-0.491598359344449
"248",-0.369157507376952,-1.35481262132971,2.00780570243417,-0.474278822276423,-0.356268594628204
"249",-1.56522783127827,0.737281045229683,0.767198988932891,0.432550428041802,0.409510726184424
"250",-0.369157507376952,0.737281045229683,-0.47340772456839,0.432550428041802,-0.124849666117153
"251",0.826912816524371,0.737281045229683,-0.47340772456839,-0.474278822276423,-0.502163136515605
"252",0.826912816524371,-1.35481262132971,0.767198988932891,0.432550428041802,-0.437516761920671
"253",-1.56522783127827,0.737281045229683,-0.47340772456839,-0.474278822276423,-0.113781804318799
"254",0.826912816524371,0.737281045229683,-0.47340772456839,0.432550428041802,-0.324071178487536
"255",0.826912816524371,-1.35481262132971,2.00780570243417,-0.474278822276423,-0.241313757313476
"256",0.826912816524371,-1.35481262132971,2.00780570243417,-0.474278822276423,-0.341260574029635
"257",-1.56522783127827,-1.35481262132971,-0.47340772456839,-0.474278822276423,0.945714420560054
"258",-1.56522783127827,-1.35481262132971,-0.47340772456839,-0.474278822276423,1.09261513170185
"259",-1.56522783127827,-1.35481262132971,-0.47340772456839,-0.474278822276423,9.66174010498166
"260",-0.369157507376952,-1.35481262132971,0.767198988932891,-0.474278822276423,-0.124849666117153
"261",0.826912816524371,0.737281045229683,-0.47340772456839,-0.474278822276423,-0.492101443971647
"262",0.826912816524371,0.737281045229683,2.00780570243417,3.15303817899648,-0.0164349289559982
"263",-1.56522783127827,0.737281045229683,0.767198988932891,0.432550428041802,0.954769943849617
"264",-1.56522783127827,0.737281045229683,-0.47340772456839,-0.474278822276423,-0.648057678403007
"265",0.826912816524371,-1.35481262132971,-0.47340772456839,-0.474278822276423,-0.492101443971647
"266",-0.369157507376952,0.737281045229683,-0.47340772456839,-0.474278822276423,-0.436762134979874
"267",0.826912816524371,0.737281045229683,0.767198988932891,3.15303817899648,0.150589167273717
"268",0.826912816524371,0.737281045229683,-0.47340772456839,0.432550428041802,-0.491598359344449
"269",-1.56522783127827,-1.35481262132971,0.767198988932891,-0.474278822276423,2.44012730565152
"270",-1.56522783127827,-1.35481262132971,-0.47340772456839,-0.474278822276423,2.08134344824203
"271",-1.56522783127827,0.737281045229683,-0.47340772456839,-0.474278822276423,-0.0242327406775662
"272",0.826912816524371,0.737281045229683,-0.47340772456839,-0.474278822276423,-0.648057678403007
"273",-0.369157507376952,-1.35481262132971,0.767198988932891,-0.474278822276423,-0.255651669188617
"274",-1.56522783127827,0.737281045229683,0.767198988932891,-0.474278822276423,-0.0503931412918589
"275",0.826912816524371,-1.35481262132971,-0.47340772456839,-0.474278822276423,-0.492101443971647
"276",-1.56522783127827,-1.35481262132971,-0.47340772456839,0.432550428041802,0.920727213296387
"277",0.826912816524371,-1.35481262132971,-0.47340772456839,-0.474278822276423,-0.492101443971647
"278",-0.369157507376952,0.737281045229683,-0.47340772456839,-0.474278822276423,-0.648057678403007
"279",0.826912816524371,0.737281045229683,0.767198988932891,3.15303817899648,-0.0619640877174114
"280",0.826912816524371,-1.35481262132971,0.767198988932891,0.432550428041802,-0.240559130372679
"281",0.826912816524371,0.737281045229683,-0.47340772456839,-0.474278822276423,-0.492101443971647
"282",0.826912816524371,0.737281045229683,-0.47340772456839,-0.474278822276423,-0.490004587245486
"283",0.826912816524371,0.737281045229683,-0.47340772456839,-0.474278822276423,-0.456885520067791
"284",0.826912816524371,0.737281045229683,-0.47340772456839,-0.474278822276423,-0.486064428445271
"285",-1.56522783127827,0.737281045229683,-0.47340772456839,-0.474278822276423,-0.124849666117153
"286",0.826912816524371,0.737281045229683,-0.47340772456839,-0.474278822276423,-0.473738855078922
"287",0.826912816524371,0.737281045229683,-0.47340772456839,-0.474278822276423,-0.456885520067791
"288",0.826912816524371,0.737281045229683,-0.47340772456839,-0.474278822276423,-0.489167454425828
"289",-0.369157507376952,0.737281045229683,-0.47340772456839,-0.474278822276423,-0.38645367226008
"290",0.826912816524371,-1.35481262132971,-0.47340772456839,-0.474278822276423,-0.492101443971647
"291",-1.56522783127827,-1.35481262132971,-0.47340772456839,-0.474278822276423,0.938671235779283
"292",-1.56522783127827,-1.35481262132971,-0.47340772456839,0.432550428041802,1.18476413669644
"293",-0.369157507376952,0.737281045229683,-0.47340772456839,-0.474278822276423,-0.38896909539607
"294",0.826912816524371,-1.35481262132971,-0.47340772456839,-0.474278822276423,-0.469965720374937
"295",0.826912816524371,0.737281045229683,-0.47340772456839,-0.474278822276423,-0.489167454425828
"296",-1.56522783127827,0.737281045229683,-0.47340772456839,-0.474278822276423,-0.090221345057865
"297",0.826912816524371,0.737281045229683,-0.47340772456839,-0.474278822276423,-0.502581702925434
"298",-1.56522783127827,-1.35481262132971,2.00780570243417,0.432550428041802,2.40164133167088
"299",-1.56522783127827,0.737281045229683,-0.47340772456839,-0.474278822276423,-0.0342944332215249
"300",-1.56522783127827,-1.35481262132971,0.767198988932891,-0.474278822276423,4.33289869726639
"301",0.826912816524371,-1.35481262132971,-0.47340772456839,-0.474278822276423,-0.492101443971647
"302",0.826912816524371,0.737281045229683,-0.47340772456839,1.33937967836003,-0.180188975108926
"303",0.826912816524371,0.737281045229683,-0.47340772456839,-0.474278822276423,-0.648057678403007
"304",-0.369157507376952,-1.35481262132971,-0.47340772456839,-0.474278822276423,-0.399533872567226
"305",0.826912816524371,0.737281045229683,-0.47340772456839,-0.474278822276423,-0.486064428445271
"306",-1.56522783127827,0.737281045229683,2.00780570243417,0.432550428041802,2.40164133167088
"307",-1.56522783127827,-1.35481262132971,-0.47340772456839,-0.474278822276423,1.58328966731607
"308",-1.56522783127827,-1.35481262132971,-0.47340772456839,0.432550428041802,1.5433789576712
"309",-0.369157507376952,0.737281045229683,-0.47340772456839,0.432550428041802,-0.165096436292988
"310",-1.56522783127827,-1.35481262132971,-0.47340772456839,-0.474278822276423,0.497550535944063
"311",-1.56522783127827,-1.35481262132971,-0.47340772456839,-0.474278822276423,1.02536881575356
"312",-1.56522783127827,-1.35481262132971,2.00780570243417,1.33937967836003,4.63181548403933
"313",-0.369157507376952,-1.35481262132971,0.767198988932891,0.432550428041802,-0.124849666117153
"314",0.826912816524371,0.737281045229683,-0.47340772456839,-0.474278822276423,-0.489167454425828
"315",-0.369157507376952,0.737281045229683,0.767198988932891,0.432550428041802,-0.119818819845174
"316",0.826912816524371,-1.35481262132971,-0.47340772456839,-0.474278822276423,-0.490004587245486
"317",-0.369157507376952,-1.35481262132971,-0.47340772456839,0.432550428041802,-0.124849666117153
"318",-0.369157507376952,0.737281045229683,-0.47340772456839,-0.474278822276423,-0.366330287172163
"319",-1.56522783127827,-1.35481262132971,2.00780570243417,-0.474278822276423,2.66961841387115
"320",-1.56522783127827,-1.35481262132971,0.767198988932891,0.432550428041802,2.05853761592189
"321",0.826912816524371,0.737281045229683,-0.47340772456839,-0.474278822276423,-0.502163136515605
"322",0.826912816524371,0.737281045229683,-0.47340772456839,-0.474278822276423,-0.489167454425828
"323",-0.369157507376952,-1.35481262132971,-0.47340772456839,-0.474278822276423,-0.399533872567226
"324",-0.369157507376952,-1.35481262132971,0.767198988932891,0.432550428041802,-0.064479510853401
"325",0.826912816524371,0.737281045229683,2.00780570243417,6.78035518026938,0.751523754461651
"326",-1.56522783127827,-1.35481262132971,-0.47340772456839,-0.474278822276423,2.08134344824203
"327",0.826912816524371,0.737281045229683,-0.47340772456839,-0.474278822276423,-0.522538063917122
"328",-0.369157507376952,-1.35481262132971,-0.47340772456839,-0.474278822276423,-0.38645367226008
"329",0.826912816524371,-1.35481262132971,0.767198988932891,0.432550428041802,-0.235025199473501
"330",-1.56522783127827,-1.35481262132971,0.767198988932891,-0.474278822276423,0.518680090286376
"331",0.826912816524371,-1.35481262132971,-0.47340772456839,1.33937967836003,-0.180188975108926
"332",-1.56522783127827,0.737281045229683,-0.47340772456839,-0.474278822276423,-0.0745412033973598
"333",-1.56522783127827,0.737281045229683,0.767198988932891,-0.474278822276423,2.44012730565152
"334",0.826912816524371,0.737281045229683,-0.47340772456839,1.33937967836003,-0.285836746820493
"335",-1.56522783127827,-1.35481262132971,-0.47340772456839,0.432550428041802,2.04143273859716
"336",0.826912816524371,0.737281045229683,-0.47340772456839,-0.474278822276423,-0.489167454425828
"337",-1.56522783127827,0.737281045229683,-0.47340772456839,0.432550428041802,0.692159768452294
"338",-1.56522783127827,-1.35481262132971,-0.47340772456839,-0.474278822276423,2.05853761592189
"339",0.826912816524371,0.737281045229683,-0.47340772456839,-0.474278822276423,-0.486064428445271
"340",-1.56522783127827,0.737281045229683,-0.47340772456839,-0.474278822276423,0.0663224922180623
"341",-0.369157507376952,0.737281045229683,0.767198988932891,0.432550428041802,-0.124849666117153
"342",-1.56522783127827,-1.35481262132971,2.00780570243417,2.24620892867825,4.64439259971928
"343",-0.369157507376952,0.737281045229683,-0.47340772456839,-0.474278822276423,-0.38645367226008
"344",-0.369157507376952,0.737281045229683,-0.47340772456839,-0.474278822276423,-0.38645367226008
"345",-0.369157507376952,0.737281045229683,-0.47340772456839,-0.474278822276423,-0.38645367226008
"346",-0.369157507376952,-1.35481262132971,-0.47340772456839,-0.474278822276423,-0.38645367226008
"347",-0.369157507376952,-1.35481262132971,-0.47340772456839,-0.474278822276423,-0.38645367226008
"348",0.826912816524371,-1.35481262132971,-0.47340772456839,0.432550428041802,-0.324071178487536
"349",0.826912816524371,0.737281045229683,0.767198988932891,0.432550428041802,-0.328095855505119
"350",0.826912816524371,0.737281045229683,-0.47340772456839,-0.474278822276423,-0.473738855078922
"351",0.826912816524371,0.737281045229683,-0.47340772456839,-0.474278822276423,-0.462419450966968
"352",-1.56522783127827,0.737281045229683,-0.47340772456839,-0.474278822276423,0.0562607996741036
"353",0.826912816524371,0.737281045229683,0.767198988932891,0.432550428041802,-0.502581702925434
"354",0.826912816524371,0.737281045229683,-0.47340772456839,0.432550428041802,-0.289861423838076
"355",0.826912816524371,0.737281045229683,-0.47340772456839,-0.474278822276423,-0.502666221142803
"356",0.826912816524371,0.737281045229683,-0.47340772456839,-0.474278822276423,-0.456885520067791
"357",-1.56522783127827,-1.35481262132971,0.767198988932891,-0.474278822276423,0.458728501432452
"358",-0.369157507376952,-1.35481262132971,-0.47340772456839,-0.474278822276423,-0.38645367226008
"359",0.826912816524371,-1.35481262132971,-0.47340772456839,-0.474278822276423,-0.489501502618288
"360",0.826912816524371,-1.35481262132971,-0.47340772456839,-0.474278822276423,-0.489501502618288
"361",0.826912816524371,0.737281045229683,4.48901912943673,0.432550428041802,-0.0866152344501103
"362",-0.369157507376952,0.737281045229683,-0.47340772456839,0.432550428041802,-0.090221345057865
"363",0.826912816524371,-1.35481262132971,0.767198988932891,-0.474278822276423,-0.35719024566523
"364",0.826912816524371,0.737281045229683,-0.47340772456839,-0.474278822276423,-0.506187813533189
"365",0.826912816524371,0.737281045229683,-0.47340772456839,0.432550428041802,-0.336145209540286
"366",0.826912816524371,0.737281045229683,-0.47340772456839,-0.474278822276423,-0.502163136515605
"367",-1.56522783127827,-1.35481262132971,-0.47340772456839,0.432550428041802,0.86622704946278
"368",0.826912816524371,-1.35481262132971,-0.47340772456839,-0.474278822276423,-0.502581702925434
"369",0.826912816524371,-1.35481262132971,-0.47340772456839,-0.474278822276423,-0.492101443971647
"370",-1.56522783127827,-1.35481262132971,-0.47340772456839,-0.474278822276423,0.746492908189672
"371",-1.56522783127827,0.737281045229683,-0.47340772456839,0.432550428041802,0.467617000625785
"372",0.826912816524371,0.737281045229683,-0.47340772456839,0.432550428041802,-0.517340193548913
"373",0.826912816524371,0.737281045229683,-0.47340772456839,-0.474278822276423,-0.486064428445271
"374",-1.56522783127827,0.737281045229683,-0.47340772456839,-0.474278822276423,2.08134344824203
"375",0.826912816524371,-1.35481262132971,0.767198988932891,2.24620892867825,-0.223957337675147
"376",-1.56522783127827,-1.35481262132971,-0.47340772456839,0.432550428041802,1.00549697297924
"377",0.826912816524371,-1.35481262132971,-0.47340772456839,-0.474278822276423,-0.502163136515605
"378",-1.56522783127827,0.737281045229683,2.00780570243417,-0.474278822276423,3.60803826769153
"379",0.826912816524371,0.737281045229683,-0.47340772456839,-0.474278822276423,-0.567312595737738
"380",0.826912816524371,0.737281045229683,-0.47340772456839,-0.474278822276423,-0.491598359344449
"381",-1.56522783127827,-1.35481262132971,-0.47340772456839,-0.474278822276423,3.93051551372541
"382",0.826912816524371,-1.35481262132971,2.00780570243417,-0.474278822276423,-0.331281387364537
"383",0.826912816524371,0.737281045229683,-0.47340772456839,-0.474278822276423,-0.488579851581261
"384",-1.56522783127827,-1.35481262132971,-0.47340772456839,0.432550428041802,0.3983583461687
"385",0.826912816524371,0.737281045229683,-0.47340772456839,-0.474278822276423,-0.489167454425828
"386",-0.369157507376952,0.737281045229683,-0.47340772456839,-0.474278822276423,0.831011125558925
"387",0.826912816524371,0.737281045229683,2.00780570243417,4.05986742931471,0.295729082220321
"388",-0.369157507376952,-1.35481262132971,-0.47340772456839,-0.474278822276423,-0.38645367226008
"389",0.826912816524371,0.737281045229683,-0.47340772456839,-0.474278822276423,-0.492520010381475
"390",-0.369157507376952,-1.35481262132971,-0.47340772456839,-0.474278822276423,-0.406577057347997
"391",-1.56522783127827,0.737281045229683,2.00780570243417,0.432550428041802,1.76674853214709
"392",0.826912816524371,0.737281045229683,-0.47340772456839,-0.474278822276423,-0.49117979293462
"393",0.826912816524371,0.737281045229683,-0.47340772456839,1.33937967836003,-0.488579851581261
"394",-1.56522783127827,-1.35481262132971,-0.47340772456839,0.432550428041802,1.63141876743084
"395",0.826912816524371,-1.35481262132971,2.00780570243417,-0.474278822276423,-0.311997147434786
"396",0.826912816524371,0.737281045229683,-0.47340772456839,-0.474278822276423,-0.49117979293462
"397",0.826912816524371,-1.35481262132971,-0.47340772456839,-0.474278822276423,-0.490004587245486
"398",-0.369157507376952,0.737281045229683,-0.47340772456839,-0.474278822276423,-0.124849666117153
"399",-0.369157507376952,0.737281045229683,-0.47340772456839,-0.474278822276423,-0.436762134979874
"400",-0.369157507376952,-1.35481262132971,-0.47340772456839,-0.474278822276423,-0.393496857040851
"401",0.826912816524371,0.737281045229683,-0.47340772456839,-0.474278822276423,-0.488579851581261
"402",0.826912816524371,0.737281045229683,-0.47340772456839,-0.474278822276423,-0.486064428445271
"403",0.826912816524371,-1.35481262132971,-0.47340772456839,0.432550428041802,-0.450345419914218
"404",0.826912816524371,0.737281045229683,-0.47340772456839,0.432550428041802,-0.329102024759515
"405",0.826912816524371,-1.35481262132971,-0.47340772456839,-0.474278822276423,-0.473738855078922
"406",-0.369157507376952,0.737281045229683,-0.47340772456839,0.432550428041802,-0.225466591556741
"407",0.826912816524371,0.737281045229683,-0.47340772456839,-0.474278822276423,-0.492101443971647
"408",-0.369157507376952,0.737281045229683,0.767198988932891,0.432550428041802,-0.270744208004555
"409",0.826912816524371,0.737281045229683,-0.47340772456839,-0.474278822276423,-0.491598359344449
"410",0.826912816524371,-1.35481262132971,0.767198988932891,2.24620892867825,-0.13558146738454
"411",0.826912816524371,0.737281045229683,-0.47340772456839,-0.474278822276423,-0.489167454425828
"412",0.826912816524371,0.737281045229683,-0.47340772456839,-0.474278822276423,-0.510045466454543
"413",-1.56522783127827,-1.35481262132971,-0.47340772456839,0.432550428041802,1.16304697950956
"414",-0.369157507376952,0.737281045229683,-0.47340772456839,-0.474278822276423,-0.648057678403007
"415",0.826912816524371,0.737281045229683,-0.47340772456839,-0.474278822276423,-0.488579851581261
"416",0.826912816524371,-1.35481262132971,-0.47340772456839,-0.474278822276423,-0.486064428445271
"417",-0.369157507376952,-1.35481262132971,0.767198988932891,0.432550428041802,0.00595233695430998
"418",-0.369157507376952,-1.35481262132971,2.00780570243417,-0.474278822276423,-0.38645367226008
"419",-0.369157507376952,0.737281045229683,-0.47340772456839,-0.474278822276423,-0.38645367226008
"420",0.826912816524371,-1.35481262132971,2.00780570243417,-0.474278822276423,-0.162077928529801
"421",0.826912816524371,0.737281045229683,-0.47340772456839,-0.474278822276423,-0.489167454425828
"422",0.826912816524371,0.737281045229683,-0.47340772456839,-0.474278822276423,-0.492437504502615
"423",0.826912816524371,0.737281045229683,-0.47340772456839,-0.474278822276423,-0.489586020835657
"424",0.826912816524371,-1.35481262132971,0.767198988932891,0.432550428041802,-0.358280933136996
"425",0.826912816524371,0.737281045229683,0.767198988932891,0.432550428041802,-0.241313757313476
"426",0.826912816524371,0.737281045229683,-0.47340772456839,-0.474278822276423,-0.502163136515605
"427",-0.369157507376952,-1.35481262132971,-0.47340772456839,0.432550428041802,-0.124849666117153
"428",-0.369157507376952,-1.35481262132971,-0.47340772456839,-0.474278822276423,-0.124849666117153
"429",0.826912816524371,0.737281045229683,-0.47340772456839,-0.474278822276423,-0.492101443971647
"430",0.826912816524371,0.737281045229683,-0.47340772456839,-0.474278822276423,-0.486064428445271
"431",-1.56522783127827,0.737281045229683,-0.47340772456839,-0.474278822276423,-0.113781804318799
"432",0.826912816524371,-1.35481262132971,-0.47340772456839,0.432550428041802,-0.324071178487536
"433",-0.369157507376952,-1.35481262132971,-0.47340772456839,0.432550428041802,-0.124849666117153
"434",0.826912816524371,0.737281045229683,-0.47340772456839,-0.474278822276423,-0.504678559651595
"435",-1.56522783127827,0.737281045229683,-0.47340772456839,0.432550428041802,0.476839548011578
"436",-1.56522783127827,-1.35481262132971,2.00780570243417,0.432550428041802,1.76674853214709
"437",0.826912816524371,-1.35481262132971,2.00780570243417,1.33937967836003,0.0436836839941552
"438",-0.369157507376952,-1.35481262132971,3.24841241593545,1.33937967836003,-0.270744208004555
"439",-1.56522783127827,0.737281045229683,4.48901912943673,0.432550428041802,4.64439259971928
"440",-0.369157507376952,0.737281045229683,-0.47340772456839,-0.474278822276423,-0.436762134979874
"441",-0.369157507376952,-1.35481262132971,0.767198988932891,0.432550428041802,-0.119818819845174
"442",0.826912816524371,0.737281045229683,-0.47340772456839,-0.474278822276423,-0.456885520067791
"443",0.826912816524371,0.737281045229683,-0.47340772456839,0.432550428041802,-0.491598359344449
"444",-0.369157507376952,-1.35481262132971,-0.47340772456839,-0.474278822276423,-0.38645367226008
"445",0.826912816524371,0.737281045229683,-0.47340772456839,-0.474278822276423,-0.484806716877277
"446",-1.56522783127827,0.737281045229683,2.00780570243417,-0.474278822276423,0.999208415139265
"447",-0.369157507376952,-1.35481262132971,0.767198988932891,-0.474278822276423,-0.255651669188617
"448",-1.56522783127827,0.737281045229683,-0.47340772456839,-0.474278822276423,-0.113781804318799
"449",0.826912816524371,-1.35481262132971,0.767198988932891,1.33937967836003,-0.260515491364366
"450",-1.56522783127827,0.737281045229683,-0.47340772456839,-0.474278822276423,-0.0342944332215249
"451",-0.369157507376952,0.737281045229683,2.00780570243417,0.432550428041802,-0.0896337422132979
"452",0.826912816524371,0.737281045229683,-0.47340772456839,0.432550428041802,-0.246260085368086
"453",-1.56522783127827,0.737281045229683,-0.47340772456839,-0.474278822276423,-0.0896337422132979
"454",-1.56522783127827,0.737281045229683,-0.47340772456839,0.432550428041802,1.14502045114781
"455",0.826912816524371,0.737281045229683,-0.47340772456839,-0.474278822276423,-0.486064428445271
"456",0.826912816524371,0.737281045229683,-0.47340772456839,-0.474278822276423,-0.489167454425828
"457",-1.56522783127827,0.737281045229683,-0.47340772456839,-0.474278822276423,-0.113781804318799
"458",-1.56522783127827,-1.35481262132971,-0.47340772456839,0.432550428041802,0.395591380719111
"459",-0.369157507376952,-1.35481262132971,-0.47340772456839,-0.474278822276423,-0.436762134979874
"460",0.826912816524371,0.737281045229683,-0.47340772456839,-0.474278822276423,-0.492101443971647
"461",-1.56522783127827,0.737281045229683,-0.47340772456839,-0.474278822276423,-0.113781804318799
"462",0.826912816524371,0.737281045229683,-0.47340772456839,-0.474278822276423,-0.486064428445271
"463",-1.56522783127827,0.737281045229683,-0.47340772456839,-0.474278822276423,0.126692647481815
"464",-0.369157507376952,0.737281045229683,-0.47340772456839,-0.474278822276423,-0.38645367226008
"465",0.826912816524371,0.737281045229683,-0.47340772456839,-0.474278822276423,-0.486064428445271
"466",0.826912816524371,0.737281045229683,-0.47340772456839,-0.474278822276423,-0.506187813533189
"467",-0.369157507376952,0.737281045229683,-0.47340772456839,-0.474278822276423,-0.648057678403007
"468",-1.56522783127827,0.737281045229683,-0.47340772456839,-0.474278822276423,-0.113781804318799
"469",0.826912816524371,0.737281045229683,-0.47340772456839,-0.474278822276423,-0.492604528598845
"470",0.826912816524371,-1.35481262132971,0.767198988932891,1.33937967836003,-0.260515491364366
"471",0.826912816524371,0.737281045229683,-0.47340772456839,-0.474278822276423,-0.502163136515605
"472",0.826912816524371,0.737281045229683,-0.47340772456839,-0.474278822276423,-0.473738855078922
"473",-0.369157507376952,-1.35481262132971,2.00780570243417,0.432550428041802,-0.0896337422132979
"474",-0.369157507376952,-1.35481262132971,-0.47340772456839,-0.474278822276423,-0.370521988285976
"475",0.826912816524371,-1.35481262132971,-0.47340772456839,-0.474278822276423,-0.450093877600619
"476",-1.56522783127827,0.737281045229683,-0.47340772456839,-0.474278822276423,0.3983583461687
"477",-0.369157507376952,0.737281045229683,-0.47340772456839,0.432550428041802,-0.225466591556741
"478",0.826912816524371,0.737281045229683,-0.47340772456839,0.432550428041802,-0.506272331750558
"479",0.826912816524371,0.737281045229683,-0.47340772456839,-0.474278822276423,-0.496713723833797
"480",0.826912816524371,-1.35481262132971,0.767198988932891,-0.474278822276423,-0.400791584135221
"481",0.826912816524371,0.737281045229683,2.00780570243417,4.05986742931471,0.295729082220321
"482",-0.369157507376952,0.737281045229683,-0.47340772456839,-0.474278822276423,-0.648057678403007
"483",0.826912816524371,0.737281045229683,-0.47340772456839,-0.474278822276423,-0.486064428445271
"484",0.826912816524371,-1.35481262132971,-0.47340772456839,-0.474278822276423,-0.455124723872598
"485",-1.56522783127827,0.737281045229683,-0.47340772456839,0.432550428041802,1.18476413669644
"486",0.826912816524371,-1.35481262132971,0.767198988932891,2.24620892867825,-0.13558146738454
"487",-1.56522783127827,-1.35481262132971,-0.47340772456839,0.432550428041802,1.16304697950956
"488",-1.56522783127827,0.737281045229683,-0.47340772456839,-0.474278822276423,-0.0503931412918589
"489",0.826912816524371,0.737281045229683,-0.47340772456839,-0.474278822276423,-0.486064428445271
"490",0.826912816524371,0.737281045229683,0.767198988932891,0.432550428041802,-0.328095855505119
"491",0.826912816524371,0.737281045229683,-0.47340772456839,0.432550428041802,-0.246260085368086
"492",0.826912816524371,0.737281045229683,-0.47340772456839,-0.474278822276423,-0.502163136515605
"493",-1.56522783127827,0.737281045229683,-0.47340772456839,-0.474278822276423,-0.0342944332215249
"494",-1.56522783127827,0.737281045229683,-0.47340772456839,-0.474278822276423,0.348134401666276
"495",0.826912816524371,0.737281045229683,-0.47340772456839,-0.474278822276423,-0.486064428445271
"496",0.826912816524371,0.737281045229683,-0.47340772456839,-0.474278822276423,-0.35710773978637
"497",-1.56522783127827,-1.35481262132971,-0.47340772456839,0.432550428041802,0.926933265257501
"498",0.826912816524371,0.737281045229683,-0.47340772456839,-0.474278822276423,-0.344194563575453
"499",-1.56522783127827,-1.35481262132971,2.00780570243417,0.432550428041802,2.40164133167088
"500",0.826912816524371,0.737281045229683,-0.47340772456839,-0.474278822276423,-0.49117979293462
"501",0.826912816524371,0.737281045229683,-0.47340772456839,-0.474278822276423,-0.473738855078922
"502",0.826912816524371,-1.35481262132971,-0.47340772456839,-0.474278822276423,-0.492101443971647
"503",0.826912816524371,-1.35481262132971,-0.47340772456839,-0.474278822276423,-0.494532348890267
"504",0.826912816524371,-1.35481262132971,-0.47340772456839,-0.474278822276423,-0.455124723872598
"505",-1.56522783127827,-1.35481262132971,-0.47340772456839,-0.474278822276423,1.09261513170185
"506",-1.56522783127827,0.737281045229683,-0.47340772456839,0.432550428041802,1.5433789576712
"507",-0.369157507376952,-1.35481262132971,2.00780570243417,-0.474278822276423,-0.124849666117153
"508",-1.56522783127827,0.737281045229683,-0.47340772456839,-0.474278822276423,-0.113781804318799
"509",0.826912816524371,0.737281045229683,-0.47340772456839,-0.474278822276423,-0.194778429297666
"510",0.826912816524371,0.737281045229683,-0.47340772456839,-0.474278822276423,0.488829060846959
"511",0.826912816524371,0.737281045229683,-0.47340772456839,-0.474278822276423,-0.492101443971647
"512",0.826912816524371,0.737281045229683,-0.47340772456839,-0.474278822276423,-0.486064428445271
"513",-1.56522783127827,0.737281045229683,-0.47340772456839,-0.474278822276423,-0.119064192904377
"514",-1.56522783127827,-1.35481262132971,-0.47340772456839,0.432550428041802,0.547271395819289
"515",0.826912816524371,0.737281045229683,-0.47340772456839,-0.474278822276423,-0.497216808460995
"516",-1.56522783127827,0.737281045229683,-0.47340772456839,-0.474278822276423,0.0365559809960148
"517",-0.369157507376952,-1.35481262132971,-0.47340772456839,-0.474278822276423,-0.436762134979874
"518",0.826912816524371,0.737281045229683,-0.47340772456839,-0.474278822276423,-0.162077928529801
"519",-0.369157507376952,-1.35481262132971,-0.47340772456839,0.432550428041802,-0.124849666117153
"520",0.826912816524371,0.737281045229683,-0.47340772456839,-0.474278822276423,-0.489167454425828
"521",-1.56522783127827,-1.35481262132971,-0.47340772456839,-0.474278822276423,1.23347882731727
"522",0.826912816524371,0.737281045229683,-0.47340772456839,-0.474278822276423,-0.489167454425828
"523",0.826912816524371,0.737281045229683,-0.47340772456839,-0.474278822276423,-0.502666221142803
"524",-1.56522783127827,-1.35481262132971,0.767198988932891,-0.474278822276423,0.518680090286376
"525",0.826912816524371,0.737281045229683,-0.47340772456839,-0.474278822276423,-0.502581702925434
"526",0.826912816524371,0.737281045229683,-0.47340772456839,-0.474278822276423,-0.492101443971647
"527",-0.369157507376952,-1.35481262132971,-0.47340772456839,-0.474278822276423,-0.436762134979874
"528",-1.56522783127827,0.737281045229683,-0.47340772456839,-0.474278822276423,3.81489056768725
"529",0.826912816524371,0.737281045229683,-0.47340772456839,-0.474278822276423,-0.488579851581261
"530",-0.369157507376952,0.737281045229683,0.767198988932891,1.33937967836003,-0.416638749891956
"531",-0.369157507376952,-1.35481262132971,0.767198988932891,0.432550428041802,-0.124849666117153
"532",0.826912816524371,0.737281045229683,-0.47340772456839,-0.474278822276423,-0.502581702925434
"533",0.826912816524371,0.737281045229683,0.767198988932891,0.432550428041802,-0.502581702925434
"534",0.826912816524371,-1.35481262132971,2.00780570243417,-0.474278822276423,-0.198132997591822
"535",0.826912816524371,-1.35481262132971,-0.47340772456839,-0.474278822276423,-0.473738855078922
"536",-0.369157507376952,-1.35481262132971,2.00780570243417,-0.474278822276423,-0.119818819845174
"537",-1.56522783127827,0.737281045229683,-0.47340772456839,-0.474278822276423,-0.113781804318799
"538",-1.56522783127827,-1.35481262132971,-0.47340772456839,-0.474278822276423,1.49357357957861
"539",0.826912816524371,0.737281045229683,-0.47340772456839,-0.474278822276423,-0.356268594628204
"540",-1.56522783127827,-1.35481262132971,2.00780570243417,-0.474278822276423,0.348049883448906
"541",-1.56522783127827,-1.35481262132971,2.00780570243417,-0.474278822276423,0.780702662839131
"542",0.826912816524371,-1.35481262132971,2.00780570243417,3.15303817899648,-0.0186988097783889
"543",0.826912816524371,-1.35481262132971,2.00780570243417,3.15303817899648,-0.0186988097783889
"544",-0.369157507376952,0.737281045229683,-0.47340772456839,0.432550428041802,-0.124849666117153
"545",-1.56522783127827,0.737281045229683,-0.47340772456839,0.432550428041802,1.49357357957861
"546",-1.56522783127827,0.737281045229683,-0.47340772456839,-0.474278822276423,-0.124849666117153
"547",-0.369157507376952,-1.35481262132971,-0.47340772456839,0.432550428041802,-0.124849666117153
"548",-0.369157507376952,0.737281045229683,-0.47340772456839,-0.474278822276423,-0.369097252621751
"549",0.826912816524371,0.737281045229683,0.767198988932891,0.432550428041802,-0.235025199473501
"550",-0.369157507376952,0.737281045229683,0.767198988932891,0.432550428041802,0.0914767235779591
"551",-1.56522783127827,0.737281045229683,2.00780570243417,-0.474278822276423,1.58328966731607
"552",-0.369157507376952,0.737281045229683,-0.47340772456839,-0.474278822276423,-0.124849666117153
"553",0.826912816524371,0.737281045229683,-0.47340772456839,-0.474278822276423,-0.490507671872684
"554",0.826912816524371,0.737281045229683,-0.47340772456839,-0.474278822276423,-0.502666221142803
"555",0.826912816524371,-1.35481262132971,-0.47340772456839,-0.474278822276423,-0.491598359344449
"556",-1.56522783127827,0.737281045229683,-0.47340772456839,-0.474278822276423,-0.113781804318799
"557",-1.56522783127827,-1.35481262132971,-0.47340772456839,0.432550428041802,0.148828371078524
"558",-1.56522783127827,0.737281045229683,-0.47340772456839,-0.474278822276423,3.93051551372541
"559",-1.56522783127827,-1.35481262132971,0.767198988932891,0.432550428041802,0.954769943849617
"560",0.826912816524371,-1.35481262132971,-0.47340772456839,0.432550428041802,-0.297910777873243
"561",0.826912816524371,0.737281045229683,-0.47340772456839,-0.474278822276423,-0.492101443971647
"562",0.826912816524371,0.737281045229683,-0.47340772456839,-0.474278822276423,-0.489167454425828
"563",-0.369157507376952,0.737281045229683,-0.47340772456839,-0.474278822276423,-0.376391979716121
"564",0.826912816524371,0.737281045229683,-0.47340772456839,-0.474278822276423,-0.486064428445271
"565",0.826912816524371,-1.35481262132971,-0.47340772456839,-0.474278822276423,-0.486064428445271
"566",0.826912816524371,0.737281045229683,-0.47340772456839,1.33937967836003,-0.162077928529801
"567",0.826912816524371,0.737281045229683,-0.47340772456839,-0.474278822276423,-0.489167454425828
"568",0.826912816524371,-1.35481262132971,4.48901912943673,-0.474278822276423,-0.223957337675147
"569",0.826912816524371,0.737281045229683,-0.47340772456839,-0.474278822276423,-0.502581702925434
"570",0.826912816524371,0.737281045229683,-0.47340772456839,-0.474278822276423,-0.490004587245486
"571",-0.369157507376952,0.737281045229683,-0.47340772456839,-0.474278822276423,-0.436762134979874
"572",-1.56522783127827,-1.35481262132971,-0.47340772456839,1.33937967836003,0.387878087214913
"573",-1.56522783127827,0.737281045229683,-0.47340772456839,-0.474278822276423,-0.117051854395585
"574",0.826912816524371,-1.35481262132971,-0.47340772456839,-0.474278822276423,-0.492101443971647
"575",0.826912816524371,0.737281045229683,-0.47340772456839,-0.474278822276423,-0.486064428445271
"576",0.826912816524371,0.737281045229683,-0.47340772456839,-0.474278822276423,-0.356268594628204
"577",-0.369157507376952,-1.35481262132971,-0.47340772456839,-0.474278822276423,-0.38645367226008
"578",-1.56522783127827,-1.35481262132971,-0.47340772456839,0.432550428041802,0.476839548011578
"579",0.826912816524371,-1.35481262132971,-0.47340772456839,0.432550428041802,-0.35710773978637
"580",0.826912816524371,0.737281045229683,-0.47340772456839,-0.474278822276423,-0.488579851581261
"581",-0.369157507376952,-1.35481262132971,0.767198988932891,0.432550428041802,-0.0443561257654836
"582",-1.56522783127827,-1.35481262132971,0.767198988932891,0.432550428041802,1.58328966731607
"583",-0.369157507376952,0.737281045229683,-0.47340772456839,-0.474278822276423,-0.124849666117153
"584",-1.56522783127827,0.737281045229683,-0.47340772456839,-0.474278822276423,0.15939314824968
"585",0.826912816524371,0.737281045229683,-0.47340772456839,-0.474278822276423,-0.472732685824526
"586",-1.56522783127827,-1.35481262132971,2.00780570243417,-0.474278822276423,0.954769943849617
"587",-0.369157507376952,0.737281045229683,-0.47340772456839,-0.474278822276423,-0.346206902084245
"588",-1.56522783127827,0.737281045229683,0.767198988932891,0.432550428041802,0.945714420560054
"589",0.826912816524371,0.737281045229683,-0.47340772456839,-0.474278822276423,-0.486064428445271
"590",0.826912816524371,0.737281045229683,-0.47340772456839,-0.474278822276423,-0.486064428445271
"591",0.826912816524371,0.737281045229683,-0.47340772456839,-0.474278822276423,-0.504678559651595
"592",-1.56522783127827,-1.35481262132971,-0.47340772456839,0.432550428041802,0.926933265257501
"593",0.826912816524371,0.737281045229683,-0.47340772456839,-0.474278822276423,-0.502163136515605
"594",0.826912816524371,-1.35481262132971,2.00780570243417,-0.474278822276423,-0.492101443971647
"595",-0.369157507376952,0.737281045229683,-0.47340772456839,0.432550428041802,-0.124849666117153
"596",0.826912816524371,0.737281045229683,0.767198988932891,0.432550428041802,-0.162077928529801
"597",-0.369157507376952,-1.35481262132971,-0.47340772456839,-0.474278822276423,0.0160140294982687
"598",0.826912816524371,0.737281045229683,-0.47340772456839,-0.474278822276423,-0.648057678403007
"599",0.826912816524371,0.737281045229683,-0.47340772456839,-0.474278822276423,-0.502666221142803
"600",-1.56522783127827,0.737281045229683,-0.47340772456839,0.432550428041802,0.497550535944063
"601",-0.369157507376952,-1.35481262132971,0.767198988932891,1.33937967836003,-0.104726281029236
"602",0.826912816524371,0.737281045229683,-0.47340772456839,-0.474278822276423,-0.489167454425828
"603",-1.56522783127827,0.737281045229683,-0.47340772456839,-0.474278822276423,0.205173849324693
"604",0.826912816524371,0.737281045229683,-0.47340772456839,-0.474278822276423,-0.486064428445271
"605",-1.56522783127827,0.737281045229683,-0.47340772456839,-0.474278822276423,-0.113781804318799
"606",0.826912816524371,0.737281045229683,-0.47340772456839,0.432550428041802,-0.335139040285891
"607",0.826912816524371,0.737281045229683,-0.47340772456839,-0.474278822276423,-0.489167454425828
"608",-1.56522783127827,0.737281045229683,-0.47340772456839,-0.474278822276423,-0.0342944332215249
"609",-0.369157507376952,-1.35481262132971,2.00780570243417,0.432550428041802,0.18865657484453
"610",-1.56522783127827,-1.35481262132971,-0.47340772456839,-0.474278822276423,2.44012730565152
"611",0.826912816524371,-1.35481262132971,5.72962584293801,0.432550428041802,-0.0186988097783889
"612",0.826912816524371,0.737281045229683,-0.47340772456839,-0.474278822276423,-0.506187813533189
"613",0.826912816524371,-1.35481262132971,-0.47340772456839,0.432550428041802,-0.336145209540286
"614",0.826912816524371,0.737281045229683,-0.47340772456839,-0.474278822276423,-0.492101443971647
"615",0.826912816524371,0.737281045229683,-0.47340772456839,-0.474278822276423,-0.486064428445271
"616",-0.369157507376952,-1.35481262132971,2.00780570243417,0.432550428041802,0.659962352311627
"617",0.826912816524371,0.737281045229683,0.767198988932891,0.432550428041802,-0.358280933136996
"618",0.826912816524371,-1.35481262132971,-0.47340772456839,0.432550428041802,-0.324071178487536
"619",-0.369157507376952,-1.35481262132971,0.767198988932891,1.33937967836003,0.136754340025773
"620",-0.369157507376952,0.737281045229683,-0.47340772456839,-0.474278822276423,-0.436762134979874
"621",0.826912816524371,0.737281045229683,-0.47340772456839,0.432550428041802,-0.35719024566523
"622",-1.56522783127827,0.737281045229683,-0.47340772456839,0.432550428041802,0.409510726184424
"623",0.826912816524371,0.737281045229683,0.767198988932891,0.432550428041802,-0.331281387364537
"624",0.826912816524371,0.737281045229683,-0.47340772456839,-0.474278822276423,-0.490004587245486
"625",0.826912816524371,0.737281045229683,-0.47340772456839,-0.474278822276423,-0.324071178487536
"626",-1.56522783127827,0.737281045229683,-0.47340772456839,-0.474278822276423,0.00234622634655514
"627",-0.369157507376952,0.737281045229683,-0.47340772456839,-0.474278822276423,-0.399533872567226
"628",-1.56522783127827,-1.35481262132971,-0.47340772456839,-0.474278822276423,0.920727213296387
"629",0.826912816524371,0.737281045229683,-0.47340772456839,-0.474278822276423,-0.489167454425828
"630",0.826912816524371,0.737281045229683,-0.47340772456839,-0.474278822276423,-0.492437504502615
"631",-1.56522783127827,0.737281045229683,-0.47340772456839,-0.474278822276423,-0.0443561257654836
"632",0.826912816524371,0.737281045229683,-0.47340772456839,-0.474278822276423,-0.50610329531582
"633",-1.56522783127827,0.737281045229683,-0.47340772456839,-0.474278822276423,-0.0342944332215249
"634",-1.56522783127827,0.737281045229683,-0.47340772456839,-0.474278822276423,-0.648057678403007
"635",0.826912816524371,-1.35481262132971,2.00780570243417,2.24620892867825,-0.0866152344501103
"636",-0.369157507376952,-1.35481262132971,-0.47340772456839,-0.474278822276423,-0.38645367226008
"637",0.826912816524371,0.737281045229683,-0.47340772456839,-0.474278822276423,-0.488579851581261
"638",-0.369157507376952,0.737281045229683,0.767198988932891,0.432550428041802,-0.119818819845174
"639",0.826912816524371,-1.35481262132971,5.72962584293801,-0.474278822276423,0.150589167273717
"640",0.826912816524371,0.737281045229683,-0.47340772456839,0.432550428041802,-0.324071178487536
"641",0.826912816524371,0.737281045229683,-0.47340772456839,-0.474278822276423,-0.490004587245486
"642",-1.56522783127827,-1.35481262132971,-0.47340772456839,-0.474278822276423,0.746492908189672
"643",0.826912816524371,-1.35481262132971,2.00780570243417,2.24620892867825,-0.0866152344501103
"644",0.826912816524371,0.737281045229683,-0.47340772456839,-0.474278822276423,0.488829060846959
"645",0.826912816524371,-1.35481262132971,0.767198988932891,1.33937967836003,-0.260515491364366
"646",-1.56522783127827,0.737281045229683,-0.47340772456839,0.432550428041802,0.895993560684828
"647",0.826912816524371,0.737281045229683,-0.47340772456839,-0.474278822276423,-0.489167454425828
"648",-1.56522783127827,0.737281045229683,-0.47340772456839,-0.474278822276423,0.0663224922180623
"649",0.826912816524371,0.737281045229683,-0.47340772456839,-0.474278822276423,-0.49612612098923
"650",0.826912816524371,-1.35481262132971,-0.47340772456839,-0.474278822276423,-0.49612612098923
"651",0.826912816524371,0.737281045229683,-0.47340772456839,-0.474278822276423,-0.489167454425828
"652",-0.369157507376952,-1.35481262132971,0.767198988932891,-0.474278822276423,-0.185219821380906
"653",0.826912816524371,0.737281045229683,-0.47340772456839,-0.474278822276423,-0.478351134941073
"654",0.826912816524371,-1.35481262132971,-0.47340772456839,-0.474278822276423,-0.490507671872684
"655",0.826912816524371,-1.35481262132971,-0.47340772456839,-0.474278822276423,-0.512224829059564
"656",-0.369157507376952,0.737281045229683,-0.47340772456839,1.33937967836003,0.831011125558925
"657",0.826912816524371,0.737281045229683,-0.47340772456839,-0.474278822276423,-0.489167454425828
"658",0.826912816524371,-1.35481262132971,0.767198988932891,0.432550428041802,-0.336145209540286
"659",-0.369157507376952,0.737281045229683,-0.47340772456839,-0.474278822276423,-0.38645367226008
"660",-1.56522783127827,0.737281045229683,2.00780570243417,-0.474278822276423,1.63141876743084
"661",-1.56522783127827,0.737281045229683,-0.47340772456839,1.33937967836003,2.04143273859716
"662",0.826912816524371,0.737281045229683,-0.47340772456839,-0.474278822276423,-0.502666221142803
"663",-1.56522783127827,0.737281045229683,-0.47340772456839,-0.474278822276423,-0.133150562465919
"664",0.826912816524371,0.737281045229683,-0.47340772456839,-0.474278822276423,-0.497216808460995
"665",0.826912816524371,0.737281045229683,-0.47340772456839,0.432550428041802,-0.488579851581261
"666",-0.369157507376952,0.737281045229683,-0.47340772456839,1.33937967836003,0.831011125558925
"667",-0.369157507376952,0.737281045229683,-0.47340772456839,-0.474278822276423,-0.38645367226008
"668",0.826912816524371,0.737281045229683,-0.47340772456839,-0.474278822276423,-0.491598359344449
"669",0.826912816524371,0.737281045229683,-0.47340772456839,-0.474278822276423,-0.486064428445271
"670",-1.56522783127827,-1.35481262132971,-0.47340772456839,0.432550428041802,0.3983583461687
"671",-0.369157507376952,-1.35481262132971,0.767198988932891,0.432550428041802,0.136754340025773
"672",-1.56522783127827,0.737281045229683,-0.47340772456839,0.432550428041802,0.3983583461687
"673",-0.369157507376952,0.737281045229683,-0.47340772456839,-0.474278822276423,-0.436762134979874
"674",-0.369157507376952,0.737281045229683,-0.47340772456839,-0.474278822276423,-0.38645367226008
"675",-0.369157507376952,0.737281045229683,-0.47340772456839,-0.474278822276423,-0.648057678403007
"676",0.826912816524371,0.737281045229683,-0.47340772456839,-0.474278822276423,-0.491598359344449
"677",0.826912816524371,0.737281045229683,-0.47340772456839,-0.474278822276423,-0.486064428445271
"678",0.826912816524371,-1.35481262132971,-0.47340772456839,-0.474278822276423,-0.45000935938325
"679",0.826912816524371,-1.35481262132971,6.97023255643929,0.432550428041802,0.295729082220321
"680",-1.56522783127827,0.737281045229683,0.767198988932891,-0.474278822276423,9.66174010498166
"681",0.826912816524371,-1.35481262132971,-0.47340772456839,-0.474278822276423,-0.484303632250079
"682",-1.56522783127827,0.737281045229683,-0.47340772456839,-0.474278822276423,0.895993560684828
"683",0.826912816524371,0.737281045229683,-0.47340772456839,-0.474278822276423,-0.462419450966968
"684",0.826912816524371,0.737281045229683,2.00780570243417,4.05986742931471,0.295729082220321
"685",-0.369157507376952,0.737281045229683,0.767198988932891,0.432550428041802,0.136754340025773
"686",-0.369157507376952,0.737281045229683,2.00780570243417,0.432550428041802,0.18865657484453
"687",0.826912816524371,0.737281045229683,0.767198988932891,3.15303817899648,0.150589167273717
"688",0.826912816524371,0.737281045229683,-0.47340772456839,-0.474278822276423,-0.443386753350816
"689",0.826912816524371,0.737281045229683,-0.47340772456839,-0.474278822276423,-0.49117979293462
"690",-1.56522783127827,-1.35481262132971,0.767198988932891,-0.474278822276423,3.60476821761474
"691",-1.56522783127827,0.737281045229683,-0.47340772456839,0.432550428041802,0.498975271608287
"692",0.826912816524371,-1.35481262132971,0.767198988932891,-0.474278822276423,-0.378068257693945
"693",0.826912816524371,0.737281045229683,-0.47340772456839,-0.474278822276423,0.488829060846959
"694",0.826912816524371,0.737281045229683,-0.47340772456839,-0.474278822276423,-0.502666221142803
"695",-1.56522783127827,0.737281045229683,-0.47340772456839,-0.474278822276423,-0.113781804318799
"696",-0.369157507376952,0.737281045229683,-0.47340772456839,-0.474278822276423,-0.376391979716121
"697",0.826912816524371,0.737281045229683,-0.47340772456839,-0.474278822276423,-0.486064428445271
"698",0.826912816524371,-1.35481262132971,-0.47340772456839,-0.474278822276423,-0.492437504502615
"699",-1.56522783127827,0.737281045229683,0.767198988932891,0.432550428041802,1.58328966731607
"700",0.826912816524371,0.737281045229683,-0.47340772456839,-0.474278822276423,-0.494113782480438
"701",-1.56522783127827,-1.35481262132971,-0.47340772456839,0.432550428041802,3.93051551372541
"702",-1.56522783127827,0.737281045229683,-0.47340772456839,-0.474278822276423,-0.119064192904377
"703",0.826912816524371,-1.35481262132971,0.767198988932891,-0.474278822276423,-0.35719024566523
"704",0.826912816524371,0.737281045229683,-0.47340772456839,-0.474278822276423,-0.492268468067876
"705",0.826912816524371,0.737281045229683,-0.47340772456839,0.432550428041802,-0.490004587245486
"706",-0.369157507376952,0.737281045229683,-0.47340772456839,-0.474278822276423,-0.124849666117153
"707",-0.369157507376952,-1.35481262132971,-0.47340772456839,-0.474278822276423,-0.376391979716121
"708",-1.56522783127827,0.737281045229683,-0.47340772456839,-0.474278822276423,-0.119064192904377
"709",-1.56522783127827,-1.35481262132971,-0.47340772456839,-0.474278822276423,2.40164133167088
"710",0.826912816524371,0.737281045229683,0.767198988932891,0.432550428041802,-0.341260574029635
"711",-1.56522783127827,-1.35481262132971,-0.47340772456839,-0.474278822276423,0.348134401666276
"712",-1.56522783127827,0.737281045229683,-0.47340772456839,-0.474278822276423,-0.113781804318799
"713",-1.56522783127827,0.737281045229683,-0.47340772456839,0.432550428041802,0.3983583461687
"714",0.826912816524371,0.737281045229683,-0.47340772456839,-0.474278822276423,-0.457221580598759
"715",-0.369157507376952,0.737281045229683,-0.47340772456839,-0.474278822276423,-0.38645367226008
"716",0.826912816524371,0.737281045229683,-0.47340772456839,-0.474278822276423,-0.494113782480438
"717",-1.56522783127827,-1.35481262132971,-0.47340772456839,-0.474278822276423,3.93051551372541
"718",-0.369157507376952,-1.35481262132971,-0.47340772456839,-0.474278822276423,-0.436762134979874
"719",0.826912816524371,0.737281045229683,-0.47340772456839,-0.474278822276423,-0.336145209540286
"720",0.826912816524371,0.737281045229683,-0.47340772456839,-0.474278822276423,-0.491598359344449
"721",-0.369157507376952,-1.35481262132971,0.767198988932891,-0.474278822276423,0.0160140294982687
"722",0.826912816524371,0.737281045229683,-0.47340772456839,0.432550428041802,-0.50610329531582
"723",-0.369157507376952,0.737281045229683,-0.47340772456839,-0.474278822276423,-0.38645367226008
"724",-0.369157507376952,0.737281045229683,-0.47340772456839,-0.474278822276423,-0.38645367226008
"725",-1.56522783127827,0.737281045229683,-0.47340772456839,0.432550428041802,0.420494069765409
"726",0.826912816524371,0.737281045229683,-0.47340772456839,-0.474278822276423,-0.473738855078922
"727",-0.369157507376952,-1.35481262132971,-0.47340772456839,2.24620892867825,-0.225466591556741
"728",0.826912816524371,-1.35481262132971,-0.47340772456839,-0.474278822276423,-0.492352986285246
"729",-0.369157507376952,0.737281045229683,-0.47340772456839,0.432550428041802,-0.124849666117153
"730",0.826912816524371,-1.35481262132971,-0.47340772456839,0.432550428041802,-0.488579851581261
"731",-1.56522783127827,-1.35481262132971,-0.47340772456839,-0.474278822276423,3.60476821761474
"732",0.826912816524371,0.737281045229683,-0.47340772456839,-0.474278822276423,-0.269989581063758
"733",-0.369157507376952,0.737281045229683,-0.47340772456839,-0.474278822276423,-0.648057678403007
"734",-0.369157507376952,0.737281045229683,-0.47340772456839,-0.474278822276423,-0.38645367226008
"735",-0.369157507376952,0.737281045229683,-0.47340772456839,-0.474278822276423,-0.38645367226008
"736",0.826912816524371,0.737281045229683,-0.47340772456839,-0.474278822276423,-0.324071178487536
"737",0.826912816524371,-1.35481262132971,3.24841241593545,0.432550428041802,0.0436836839941552
"738",-1.56522783127827,0.737281045229683,-0.47340772456839,-0.474278822276423,9.66174010498166
"739",0.826912816524371,0.737281045229683,-0.47340772456839,-0.474278822276423,-0.489167454425828
"740",0.826912816524371,0.737281045229683,-0.47340772456839,-0.474278822276423,-0.489167454425828
"741",-1.56522783127827,0.737281045229683,-0.47340772456839,-0.474278822276423,-0.0443561257654836
"742",-1.56522783127827,0.737281045229683,-0.47340772456839,0.432550428041802,0.938671235779283
"743",-1.56522783127827,-1.35481262132971,2.00780570243417,1.33937967836003,4.63181548403933
"744",0.826912816524371,0.737281045229683,-0.47340772456839,0.432550428041802,-0.324071178487536
"745",0.826912816524371,0.737281045229683,-0.47340772456839,-0.474278822276423,-0.488579851581261
"746",-1.56522783127827,0.737281045229683,0.767198988932891,0.432550428041802,0.780702662839131
"747",0.826912816524371,0.737281045229683,0.767198988932891,0.432550428041802,-0.240559130372679
"748",-0.369157507376952,-1.35481262132971,-0.47340772456839,-0.474278822276423,-0.38645367226008
"749",-1.56522783127827,0.737281045229683,-0.47340772456839,0.432550428041802,0.420494069765409
"750",0.826912816524371,0.737281045229683,-0.47340772456839,-0.474278822276423,-0.492101443971647
"751",-0.369157507376952,-1.35481262132971,0.767198988932891,0.432550428041802,-0.185219821380906
"752",0.826912816524371,0.737281045229683,0.767198988932891,-0.474278822276423,-0.397018449431237
"753",0.826912816524371,0.737281045229683,-0.47340772456839,-0.474278822276423,-0.456885520067791
"754",0.826912816524371,0.737281045229683,-0.47340772456839,-0.474278822276423,-0.489167454425828
"755",-0.369157507376952,-1.35481262132971,2.00780570243417,0.432550428041802,0.659962352311627
"756",-0.369157507376952,0.737281045229683,0.767198988932891,0.432550428041802,-0.356268594628204
"757",0.826912816524371,0.737281045229683,-0.47340772456839,-0.474278822276423,-0.49117979293462
"758",-0.369157507376952,0.737281045229683,-0.47340772456839,-0.474278822276423,-0.416638749891956
"759",0.826912816524371,0.737281045229683,-0.47340772456839,-0.474278822276423,-0.486064428445271
"760",-1.56522783127827,-1.35481262132971,-0.47340772456839,-0.474278822276423,1.09261513170185
"761",0.826912816524371,0.737281045229683,-0.47340772456839,-0.474278822276423,-0.356268594628204
"762",0.826912816524371,0.737281045229683,-0.47340772456839,-0.474278822276423,-0.504678559651595
"763",0.826912816524371,0.737281045229683,-0.47340772456839,-0.474278822276423,-0.502581702925434
"764",-1.56522783127827,-1.35481262132971,2.00780570243417,0.432550428041802,1.76674853214709
"765",0.826912816524371,0.737281045229683,-0.47340772456839,-0.474278822276423,-0.491598359344449
"766",-1.56522783127827,-1.35481262132971,-0.47340772456839,0.432550428041802,0.920727213296387
"767",-1.56522783127827,0.737281045229683,-0.47340772456839,-0.474278822276423,0.148828371078524
"768",0.826912816524371,-1.35481262132971,-0.47340772456839,-0.474278822276423,-0.492101443971647
"769",0.826912816524371,0.737281045229683,-0.47340772456839,0.432550428041802,-0.162077928529801
"770",0.826912816524371,0.737281045229683,-0.47340772456839,-0.474278822276423,-0.479775870605297
"771",0.826912816524371,0.737281045229683,-0.47340772456839,-0.474278822276423,-0.456885520067791
"772",0.826912816524371,0.737281045229683,-0.47340772456839,-0.474278822276423,-0.490004587245486
"773",-0.369157507376952,-1.35481262132971,-0.47340772456839,-0.474278822276423,-0.436762134979874
"774",0.826912816524371,0.737281045229683,-0.47340772456839,-0.474278822276423,-0.502666221142803
"775",-0.369157507376952,-1.35481262132971,3.24841241593545,0.432550428041802,-0.185219821380906
"776",0.826912816524371,0.737281045229683,-0.47340772456839,-0.474278822276423,-0.492101443971647
"777",0.826912816524371,0.737281045229683,-0.47340772456839,-0.474278822276423,-0.492101443971647
"778",0.826912816524371,-1.35481262132971,-0.47340772456839,-0.474278822276423,-0.397018449431237
"779",0.826912816524371,0.737281045229683,-0.47340772456839,-0.474278822276423,-0.492352986285246
"780",-1.56522783127827,-1.35481262132971,0.767198988932891,-0.474278822276423,3.60476821761474
"781",0.826912816524371,-1.35481262132971,-0.47340772456839,-0.474278822276423,-0.502581702925434
"782",-1.56522783127827,-1.35481262132971,-0.47340772456839,0.432550428041802,0.498975271608287
"783",-1.56522783127827,0.737281045229683,-0.47340772456839,-0.474278822276423,-0.0443561257654836
"784",0.826912816524371,0.737281045229683,2.00780570243417,0.432550428041802,-0.176164298091343
"785",0.826912816524371,0.737281045229683,-0.47340772456839,-0.474278822276423,-0.506187813533189
"786",0.826912816524371,0.737281045229683,-0.47340772456839,-0.474278822276423,-0.502163136515605
"787",0.826912816524371,-1.35481262132971,-0.47340772456839,-0.474278822276423,-0.497216808460995
"788",0.826912816524371,0.737281045229683,0.767198988932891,3.15303817899648,-0.0619640877174114
"789",0.826912816524371,0.737281045229683,2.00780570243417,0.432550428041802,-0.234019030219105
"790",-1.56522783127827,0.737281045229683,-0.47340772456839,-0.474278822276423,0.945714420560054
"791",0.826912816524371,0.737281045229683,-0.47340772456839,-0.474278822276423,-0.492101443971647
"792",-0.369157507376952,0.737281045229683,-0.47340772456839,-0.474278822276423,-0.124849666117153
"793",0.826912816524371,-1.35481262132971,2.00780570243417,6.78035518026938,0.751523754461651
"794",-1.56522783127827,0.737281045229683,-0.47340772456839,-0.474278822276423,-0.0303542744213107
"795",0.826912816524371,0.737281045229683,-0.47340772456839,-0.474278822276423,-0.489167454425828
"796",-0.369157507376952,0.737281045229683,-0.47340772456839,-0.474278822276423,-0.38645367226008
"797",-1.56522783127827,-1.35481262132971,-0.47340772456839,-0.474278822276423,-0.126274401781378
"798",0.826912816524371,-1.35481262132971,-0.47340772456839,-0.474278822276423,-0.473320288669093
"799",0.826912816524371,0.737281045229683,-0.47340772456839,-0.474278822276423,-0.502581702925434
"800",0.826912816524371,-1.35481262132971,0.767198988932891,0.432550428041802,-0.162077928529801
"801",-0.369157507376952,0.737281045229683,-0.47340772456839,-0.474278822276423,-0.38645367226008
"802",-0.369157507376952,-1.35481262132971,0.767198988932891,0.432550428041802,-0.119818819845174
"803",-1.56522783127827,0.737281045229683,2.00780570243417,0.432550428041802,1.76674853214709
"804",0.826912816524371,0.737281045229683,0.767198988932891,-0.474278822276423,-0.47667284462474
"805",0.826912816524371,0.737281045229683,-0.47340772456839,-0.474278822276423,-0.507697067414783
"806",0.826912816524371,0.737281045229683,-0.47340772456839,-0.474278822276423,-0.491598359344449
"807",-1.56522783127827,0.737281045229683,-0.47340772456839,-0.474278822276423,-0.648057678403007
"808",0.826912816524371,-1.35481262132971,-0.47340772456839,-0.474278822276423,-0.491598359344449
"809",-0.369157507376952,0.737281045229683,-0.47340772456839,-0.474278822276423,-0.38645367226008
"810",-1.56522783127827,-1.35481262132971,-0.47340772456839,0.432550428041802,0.420494069765409
"811",0.826912816524371,0.737281045229683,-0.47340772456839,-0.474278822276423,-0.489334478522058
"812",0.826912816524371,0.737281045229683,-0.47340772456839,-0.474278822276423,-0.162077928529801
"813",-0.369157507376952,0.737281045229683,-0.47340772456839,-0.474278822276423,-0.436762134979874
"814",0.826912816524371,-1.35481262132971,2.00780570243417,3.15303817899648,-0.0186988097783889
"815",0.826912816524371,0.737281045229683,-0.47340772456839,-0.474278822276423,-0.486064428445271
"816",-1.56522783127827,0.737281045229683,-0.47340772456839,-0.474278822276423,-0.648057678403007
"817",0.826912816524371,-1.35481262132971,-0.47340772456839,-0.474278822276423,-0.488579851581261
"818",-0.369157507376952,0.737281045229683,0.767198988932891,0.432550428041802,0.0965920880673076
"819",0.826912816524371,0.737281045229683,-0.47340772456839,-0.474278822276423,-0.518261844585939
"820",0.826912816524371,0.737281045229683,2.00780570243417,2.24620892867825,-0.0866152344501103
"821",-1.56522783127827,-1.35481262132971,0.767198988932891,0.432550428041802,1.23347882731727
"822",0.826912816524371,0.737281045229683,-0.47340772456839,-0.474278822276423,-0.473738855078922
"823",-1.56522783127827,0.737281045229683,-0.47340772456839,-0.474278822276423,-0.648057678403007
"824",0.826912816524371,-1.35481262132971,0.767198988932891,-0.474278822276423,-0.397018449431237
"825",0.826912816524371,0.737281045229683,0.767198988932891,3.15303817899648,0.150589167273717
"826",0.826912816524371,0.737281045229683,-0.47340772456839,-0.474278822276423,-0.508200152041981
"827",0.826912816524371,0.737281045229683,-0.47340772456839,-0.474278822276423,0.488829060846959
"828",-0.369157507376952,0.737281045229683,2.00780570243417,-0.474278822276423,0.0965920880673076
"829",0.826912816524371,0.737281045229683,-0.47340772456839,-0.474278822276423,-0.492101443971647
"830",-1.56522783127827,-1.35481262132971,-0.47340772456839,-0.474278822276423,0.961813128630388
"831",0.826912816524371,-1.35481262132971,-0.47340772456839,0.432550428041802,-0.35719024566523
"832",-0.369157507376952,0.737281045229683,0.767198988932891,0.432550428041802,-0.270744208004555
"833",0.826912816524371,0.737281045229683,-0.47340772456839,-0.474278822276423,-0.502581702925434
"834",0.826912816524371,0.737281045229683,-0.47340772456839,-0.474278822276423,-0.490004587245486
"835",0.826912816524371,0.737281045229683,-0.47340772456839,-0.474278822276423,-0.481033582173292
"836",-1.56522783127827,-1.35481262132971,0.767198988932891,0.432550428041802,1.02536881575356
"837",0.826912816524371,0.737281045229683,-0.47340772456839,-0.474278822276423,-0.473738855078922
"838",0.826912816524371,0.737281045229683,-0.47340772456839,-0.474278822276423,-0.486064428445271
"839",0.826912816524371,0.737281045229683,-0.47340772456839,-0.474278822276423,0.488829060846959
"840",-1.56522783127827,0.737281045229683,-0.47340772456839,-0.474278822276423,-0.0503931412918589
"841",0.826912816524371,0.737281045229683,-0.47340772456839,-0.474278822276423,-0.488579851581261
"842",-0.369157507376952,0.737281045229683,-0.47340772456839,-0.474278822276423,-0.436762134979874
"843",-1.56522783127827,-1.35481262132971,-0.47340772456839,-0.474278822276423,-0.0242327406775662
"844",0.826912816524371,0.737281045229683,-0.47340772456839,-0.474278822276423,-0.518513386899538
"845",0.826912816524371,0.737281045229683,-0.47340772456839,-0.474278822276423,-0.473738855078922
"846",0.826912816524371,0.737281045229683,-0.47340772456839,-0.474278822276423,-0.49612612098923
"847",0.826912816524371,0.737281045229683,2.00780570243417,6.78035518026938,0.751523754461651
"848",0.826912816524371,0.737281045229683,-0.47340772456839,-0.474278822276423,-0.489167454425828
"849",-0.369157507376952,0.737281045229683,0.767198988932891,-0.474278822276423,0.0160140294982687
"850",-1.56522783127827,-1.35481262132971,-0.47340772456839,0.432550428041802,1.14502045114781
"851",0.826912816524371,0.737281045229683,2.00780570243417,3.15303817899648,-0.0186988097783889
"852",0.826912816524371,0.737281045229683,-0.47340772456839,-0.474278822276423,-0.491598359344449
"853",0.826912816524371,-1.35481262132971,0.767198988932891,0.432550428041802,-0.341260574029635
"854",-1.56522783127827,-1.35481262132971,0.767198988932891,-0.474278822276423,0.14480369406094
"855",-0.369157507376952,-1.35481262132971,-0.47340772456839,0.432550428041802,-0.124849666117153
"856",0.826912816524371,-1.35481262132971,0.767198988932891,-0.474278822276423,-0.459904027830979
"857",-1.56522783127827,-1.35481262132971,0.767198988932891,0.432550428041802,2.66961841387115
"858",-1.56522783127827,0.737281045229683,-0.47340772456839,-0.474278822276423,-0.113781804318799
"859",0.826912816524371,-1.35481262132971,3.24841241593545,-0.474278822276423,-0.260515491364366
"860",0.826912816524371,0.737281045229683,-0.47340772456839,-0.474278822276423,-0.502581702925434
"861",0.826912816524371,0.737281045229683,-0.47340772456839,1.33937967836003,-0.364150924567141
"862",-0.369157507376952,0.737281045229683,-0.47340772456839,0.432550428041802,-0.416638749891956
"863",-1.56522783127827,-1.35481262132971,-0.47340772456839,-0.474278822276423,-0.126274401781378
"864",0.826912816524371,-1.35481262132971,2.00780570243417,6.78035518026938,0.751523754461651
"865",-0.369157507376952,0.737281045229683,-0.47340772456839,-0.474278822276423,-0.38645367226008
"866",-0.369157507376952,-1.35481262132971,-0.47340772456839,-0.474278822276423,-0.38645367226008
"867",-0.369157507376952,-1.35481262132971,-0.47340772456839,0.432550428041802,-0.369181770839121
"868",-1.56522783127827,0.737281045229683,-0.47340772456839,-0.474278822276423,0.368088750319455
"869",0.826912816524371,0.737281045229683,-0.47340772456839,-0.474278822276423,-0.456885520067791
"870",0.826912816524371,0.737281045229683,0.767198988932891,0.432550428041802,-0.424017995203696
"871",0.826912816524371,0.737281045229683,-0.47340772456839,-0.474278822276423,-0.489167454425828
"872",-1.56522783127827,-1.35481262132971,0.767198988932891,0.432550428041802,0.409510726184424
"873",-1.56522783127827,0.737281045229683,-0.47340772456839,-0.474278822276423,-0.54744075296342
"874",0.826912816524371,0.737281045229683,-0.47340772456839,-0.474278822276423,-0.46694721261175
"875",-0.369157507376952,-1.35481262132971,-0.47340772456839,0.432550428041802,-0.165096436292988
"876",0.826912816524371,-1.35481262132971,-0.47340772456839,-0.474278822276423,-0.502666221142803
"877",0.826912816524371,0.737281045229683,-0.47340772456839,-0.474278822276423,-0.449926853504389
"878",0.826912816524371,0.737281045229683,-0.47340772456839,-0.474278822276423,-0.489167454425828
"879",0.826912816524371,0.737281045229683,-0.47340772456839,-0.474278822276423,-0.489167454425828
"880",-1.56522783127827,-1.35481262132971,0.767198988932891,-0.474278822276423,1.02536881575356
"881",-0.369157507376952,-1.35481262132971,0.767198988932891,-0.474278822276423,-0.124849666117153
"882",0.826912816524371,0.737281045229683,-0.47340772456839,-0.474278822276423,-0.489167454425828
"883",0.826912816524371,-1.35481262132971,-0.47340772456839,-0.474278822276423,-0.436426074448905
"884",-0.369157507376952,0.737281045229683,-0.47340772456839,-0.474278822276423,-0.436762134979874
"885",0.826912816524371,0.737281045229683,-0.47340772456839,-0.474278822276423,-0.506187813533189
"886",0.826912816524371,-1.35481262132971,5.72962584293801,-0.474278822276423,-0.0619640877174114
"887",-0.369157507376952,0.737281045229683,-0.47340772456839,-0.474278822276423,-0.38645367226008
"888",-1.56522783127827,-1.35481262132971,-0.47340772456839,-0.474278822276423,-0.0443561257654836
"889",0.826912816524371,-1.35481262132971,2.00780570243417,0.432550428041802,-0.176164298091343
"890",-1.56522783127827,0.737281045229683,-0.47340772456839,-0.474278822276423,-0.0443561257654836
"891",0.826912816524371,0.737281045229683,-0.47340772456839,-0.474278822276423,-0.492101443971647
